root pos x,root pos y,root pos z,root rot x,root rot y,root rot z,root rot w,l_hip_pitch,l_hip_roll,l_thigh,l_calf,l_ankle_pitch,l_ankle_roll,r_hip_pitch,r_hip_roll,r_thigh,r_calf,r_ankle_pitch,r_ankle_roll,waist_yaw,l_shoulder_pitch,l_shoulder_roll,l_upper_arm,l_elbow,l_wrist,r_shoulder_pitch,r_shoulder_roll,r_upper_arm,r_elbow,r_wrist
0.991939,-1.83357,0.468257,0.044028,0.043794,-0.752972,0.655116,-0.334463,0.107176,0.328941,0.499425,-0.287226,0.0,-0.340441,-0.095782,-0.338464,0.461899,-0.313973,0.0,0.004176,0.025172,1.878441,0.269887,-0.416894,0.178948,-0.316585,-1.637156,-0.228891,-0.636121,0.322719
0.992112,-1.83309,0.468336,0.04466,0.044962,-0.753592,0.65428,-0.342035,0.110309,0.329868,0.509239,-0.293868,0.0,-0.347247,-0.095843,-0.336318,0.468405,-0.31857,0.0,0.004598,0.025239,1.881751,0.268117,-0.412592,0.178077,-0.317387,-1.634341,-0.231334,-0.634732,0.326943
0.992234,-1.832785,0.468506,0.045095,0.045879,-0.754006,0.653709,-0.345147,0.111724,0.330518,0.511233,-0.295771,0.0,-0.34929,-0.094669,-0.335221,0.467059,-0.318435,0.0,0.004582,0.022866,1.884135,0.268135,-0.411145,0.176653,-0.320291,-1.631711,-0.23237,-0.634199,0.328129
0.992304,-1.832515,0.468725,0.045481,0.046606,-0.754271,0.653325,-0.346052,0.112184,0.331076,0.509238,-0.295292,0.0,-0.349278,-0.093122,-0.334635,0.462406,-0.316271,0.0,0.004059,0.019761,1.885173,0.27013,-0.413045,0.175505,-0.32316,-1.629464,-0.234,-0.635902,0.327046
0.992328,-1.83227,0.468977,0.04578,0.047162,-0.754415,0.653099,-0.345692,0.112126,0.331469,0.505259,-0.293609,0.0,-0.348233,-0.091527,-0.334417,0.456602,-0.313372,0.0,0.003212,0.01603,1.885066,0.273069,-0.417088,0.17193,-0.325386,-1.626875,-0.235295,-0.638662,0.32702
0.992332,-1.832045,0.469217,0.046043,0.047553,-0.754496,0.652958,-0.344606,0.111683,0.331778,0.500328,-0.291362,0.0,-0.346748,-0.090106,-0.334385,0.450659,-0.310357,0.0,0.002213,0.013845,1.884723,0.276191,-0.421879,0.167009,-0.326624,-1.624691,-0.236956,-0.640743,0.32671
0.99233,-1.831867,0.469455,0.046318,0.047711,-0.754579,0.652831,-0.342945,0.1108,0.332184,0.494965,-0.288899,0.0,-0.345004,-0.089103,-0.334403,0.444918,-0.307452,0.0,0.001102,0.012868,1.883809,0.279201,-0.426346,0.162663,-0.328986,-1.622569,-0.238567,-0.641747,0.327295
0.992319,-1.831738,0.469736,0.046572,0.047684,-0.754617,0.652772,-0.340743,0.109571,0.332639,0.489179,-0.286275,0.0,-0.342866,-0.08848,-0.334577,0.439147,-0.304601,0.0,-0.000233,0.011835,1.882056,0.281999,-0.430493,0.158793,-0.33413,-1.619489,-0.239139,-0.64148,0.329633
0.992289,-1.831652,0.470086,0.046798,0.047584,-0.75459,0.652793,-0.337967,0.108092,0.33303,0.482626,-0.283357,0.0,-0.340203,-0.087845,-0.334994,0.432831,-0.301608,0.0,-0.001577,0.01001,1.879094,0.284532,-0.435053,0.154845,-0.338763,-1.616392,-0.238424,-0.639241,0.328834
0.992238,-1.831651,0.470475,0.046909,0.047268,-0.754422,0.653003,-0.334283,0.106183,0.333056,0.475353,-0.28016,0.0,-0.336487,-0.087146,-0.335603,0.42575,-0.298435,0.0,-0.003301,0.007559,1.875345,0.286974,-0.440123,0.149879,-0.344861,-1.613152,-0.236845,-0.636331,0.327719
0.992156,-1.831699,0.470844,0.046952,0.046708,-0.75409,0.653423,-0.329969,0.103846,0.332653,0.467797,-0.276826,0.0,-0.331979,-0.086694,-0.336298,0.418327,-0.295233,0.0,-0.005636,0.004895,1.871713,0.289515,-0.44573,0.141935,-0.350335,-1.610342,-0.23553,-0.634529,0.327011
0.992057,-1.831766,0.471094,0.047096,0.045905,-0.754128,0.653426,-0.32558,0.1014,0.333267,0.460877,-0.273737,0.0,-0.328616,-0.087001,-0.336565,0.413194,-0.292768,0.0,-0.006989,0.001548,1.86792,0.293094,-0.451904,0.132559,-0.354625,-1.608589,-0.235215,-0.633588,0.325049
0.991924,-1.831818,0.471202,0.047347,0.045083,-0.754243,0.653332,-0.321774,0.099066,0.334004,0.45512,-0.271167,0.0,-0.326984,-0.087845,-0.336434,0.411323,-0.291734,0.0,-0.007789,-0.001165,1.865076,0.298114,-0.459111,0.123511,-0.361178,-1.606884,-0.235796,-0.634018,0.324049
0.99174,-1.831888,0.471208,0.047675,0.04437,-0.754297,0.653296,-0.318828,0.09705,0.334463,0.450687,-0.269152,0.0,-0.326713,-0.089068,-0.336119,0.412041,-0.292174,0.0,-0.008453,-0.006805,1.862721,0.303975,-0.467039,0.113608,-0.364667,-1.606877,-0.236342,-0.632972,0.322702
0.991493,-1.832002,0.47114,0.047889,0.043642,-0.754216,0.653422,-0.316646,0.095569,0.334615,0.448132,-0.267814,0.0,-0.326968,-0.090493,-0.336043,0.414665,-0.293764,0.0,-0.009169,-0.014262,1.861088,0.309776,-0.474163,0.103506,-0.367415,-1.607573,-0.23639,-0.630191,0.321086
0.991193,-1.832217,0.470994,0.047805,0.042647,-0.754137,0.653585,-0.314527,0.094563,0.334801,0.447557,-0.267334,0.0,-0.326859,-0.092201,-0.336214,0.4187,-0.29626,0.0,-0.009921,-0.020781,1.860725,0.315139,-0.479611,0.095766,-0.371378,-1.609257,-0.236074,-0.626312,0.321275
0.990854,-1.832488,0.47088,0.047555,0.041494,-0.753501,0.65441,-0.312433,0.093427,0.333694,0.447834,-0.267344,0.0,-0.325521,-0.094012,-0.337275,0.422308,-0.299125,0.0,-0.012457,-0.023954,1.861899,0.318531,-0.482564,0.091487,-0.377567,-1.610623,-0.235302,-0.621944,0.320514
0.990451,-1.832807,0.470805,0.047156,0.04022,-0.752618,0.655534,-0.310121,0.092326,0.331923,0.448479,-0.267592,0.0,-0.323184,-0.095745,-0.339023,0.425382,-0.302054,0.0,-0.015728,-0.025584,1.863721,0.319893,-0.48366,0.090286,-0.384216,-1.611683,-0.233974,-0.617602,0.315822
0.989972,-1.833171,0.470702,0.046548,0.038922,-0.75184,0.656548,-0.30741,0.091648,0.33018,0.449351,-0.268074,0.0,-0.320342,-0.097048,-0.34075,0.428425,-0.305085,0.0,-0.018215,-0.026096,1.865977,0.319638,-0.483331,0.091228,-0.388897,-1.614233,-0.232453,-0.613659,0.309466
0.989414,-1.833591,0.470549,0.045765,0.037559,-0.75139,0.657197,-0.303916,0.091252,0.328782,0.450025,-0.26877,0.0,-0.317083,-0.097821,-0.341647,0.431487,-0.308271,0.0,-0.019491,-0.026099,1.868132,0.319082,-0.481858,0.093747,-0.392033,-1.618708,-0.231563,-0.610978,0.306092
0.98875,-1.834074,0.470351,0.044704,0.036185,-0.751094,0.657686,-0.29996,0.091465,0.32758,0.450898,-0.269681,0.0,-0.313405,-0.098024,-0.34216,0.43484,-0.311705,0.0,-0.020525,-0.030821,1.868688,0.319698,-0.481423,0.095209,-0.394073,-1.62328,-0.232751,-0.609794,0.301586
0.988016,-1.834512,0.470063,0.043654,0.034892,-0.75086,0.658093,-0.296743,0.092156,0.326466,0.452828,-0.270945,0.0,-0.310502,-0.098157,-0.342468,0.439503,-0.31569,0.0,-0.021044,-0.036927,1.869208,0.321075,-0.483167,0.092618,-0.39799,-1.627338,-0.235299,-0.609833,0.29594
0.987181,-1.834869,0.469682,0.04276,0.033876,-0.750583,0.65852,-0.295185,0.09362,0.32533,0.456462,-0.272677,0.0,-0.309104,-0.09821,-0.342928,0.445999,-0.320535,0.0,-0.021159,-0.044019,1.869707,0.323572,-0.4867,0.085941,-0.403405,-1.630871,-0.237679,-0.610704,0.292675
0.986244,-1.835169,0.469235,0.041883,0.033113,-0.750001,0.659278,-0.295379,0.095872,0.323267,0.462326,-0.275061,0.0,-0.308437,-0.09794,-0.343825,0.453662,-0.326155,0.0,-0.021786,-0.05037,1.870019,0.326933,-0.491425,0.078694,-0.409357,-1.633805,-0.240166,-0.612642,0.291182
0.985205,-1.835432,0.468802,0.040958,0.032454,-0.749184,0.660297,-0.296527,0.098739,0.320659,0.469506,-0.277724,0.0,-0.307575,-0.097327,-0.345388,0.461128,-0.331971,0.0,-0.022945,-0.056681,1.868633,0.330984,-0.497751,0.070724,-0.414206,-1.636586,-0.24306,-0.614911,0.290857
0.984096,-1.83568,0.468407,0.039901,0.031794,-0.748437,0.66124,-0.29783,0.102037,0.318025,0.477261,-0.280342,0.0,-0.306124,-0.096222,-0.346991,0.467747,-0.337509,0.0,-0.023834,-0.061309,1.865913,0.33551,-0.504796,0.062375,-0.416516,-1.63871,-0.246286,-0.616356,0.288685
0.98292,-1.835885,0.46809,0.038831,0.031203,-0.74779,0.662064,-0.299463,0.105654,0.315436,0.485366,-0.282455,0.0,-0.304433,-0.094608,-0.348369,0.473477,-0.342622,0.0,-0.024462,-0.063929,1.862454,0.339388,-0.5117,0.05351,-0.4184,-1.639131,-0.248139,-0.616356,0.286555
0.981654,-1.835999,0.467851,0.037846,0.03086,-0.747026,0.662999,-0.301722,0.109642,0.312514,0.493271,-0.284058,0.0,-0.302532,-0.092248,-0.349931,0.477671,-0.347089,0.0,-0.025641,-0.06517,1.859061,0.342403,-0.517416,0.046025,-0.420987,-1.638078,-0.249286,-0.617162,0.284976
0.98029,-1.836045,0.467676,0.036838,0.030638,-0.746215,0.663979,-0.304119,0.11401,0.309559,0.500684,-0.28503,0.0,-0.300091,-0.089249,-0.351868,0.480177,-0.350737,0.0,-0.027383,-0.065368,1.856295,0.34452,-0.52094,0.040253,-0.422702,-1.63612,-0.249878,-0.619108,0.284611
0.978846,-1.836009,0.467626,0.035882,0.030545,-0.746058,0.664212,-0.305585,0.118612,0.30792,0.505967,-0.284993,0.0,-0.297209,-0.085303,-0.352861,0.480269,-0.353104,0.0,-0.027686,-0.065475,1.853765,0.345978,-0.522205,0.036225,-0.422487,-1.633677,-0.250602,-0.621751,0.285102
0.977291,-1.835882,0.467713,0.034948,0.03059,-0.746236,0.664059,-0.306142,0.123498,0.307182,0.508861,-0.283714,0.0,-0.293729,-0.08042,-0.353429,0.477861,-0.354158,0.0,-0.027604,-0.065733,1.85046,0.346819,-0.52227,0.03555,-0.421216,-1.629905,-0.251217,-0.624667,0.286124
0.975623,-1.835686,0.46783,0.033972,0.030765,-0.746679,0.663604,-0.306019,0.128689,0.306857,0.510085,-0.281583,0.0,-0.28982,-0.074663,-0.353586,0.473777,-0.354641,0.0,-0.026927,-0.06664,1.847057,0.347085,-0.52213,0.034558,-0.420399,-1.625366,-0.252406,-0.62807,0.286521
0.973895,-1.835427,0.467991,0.033039,0.030947,-0.747611,0.662592,-0.304978,0.133802,0.307216,0.509679,-0.278935,0.0,-0.285805,-0.068295,-0.352459,0.468707,-0.354603,0.0,-0.024918,-0.067294,1.842843,0.347009,-0.522412,0.032872,-0.420064,-1.620618,-0.253589,-0.631233,0.287272
0.97209,-1.835058,0.468149,0.032219,0.031193,-0.748421,0.661706,-0.303978,0.138896,0.307606,0.508155,-0.275879,0.0,-0.2819,-0.061738,-0.351515,0.462997,-0.354201,0.0,-0.023405,-0.066919,1.838985,0.347766,-0.523146,0.032927,-0.419926,-1.615885,-0.25488,-0.633715,0.287143
0.970175,-1.834525,0.468283,0.031511,0.03168,-0.74853,0.661594,-0.304242,0.144293,0.306988,0.506287,-0.272531,0.0,-0.278223,-0.055079,-0.35239,0.456804,-0.353612,0.0,-0.024171,-0.066369,1.835449,0.348791,-0.524118,0.032919,-0.419635,-1.611361,-0.256605,-0.636356,0.286203
0.96816,-1.833866,0.468444,0.030876,0.032401,-0.748095,0.662081,-0.305846,0.149927,0.304968,0.504661,-0.268231,0.0,-0.274553,-0.048099,-0.354628,0.449814,-0.352776,0.0,-0.026603,-0.066491,1.831812,0.349927,-0.525372,0.032423,-0.419647,-1.606687,-0.258379,-0.639203,0.286234
0.966084,-1.8331,0.468649,0.030212,0.033362,-0.747363,0.662889,-0.308157,0.155862,0.301947,0.502704,-0.263368,0.0,-0.270821,-0.040547,-0.357574,0.441989,-0.351602,0.0,-0.029878,-0.066628,1.828501,0.350859,-0.526844,0.030744,-0.421107,-1.60075,-0.259338,-0.641257,0.28724
0.963976,-1.832254,0.468874,0.029571,0.034501,-0.746595,0.663725,-0.310555,0.16194,0.298762,0.499793,-0.25833,0.0,-0.267251,-0.032566,-0.360623,0.433564,-0.350099,0.0,-0.033204,-0.067209,1.825271,0.351959,-0.528479,0.029785,-0.42327,-1.594402,-0.259306,-0.642231,0.288414
0.96186,-1.831339,0.469109,0.029006,0.035846,-0.745931,0.664425,-0.31296,0.168119,0.295811,0.49584,-0.252931,0.0,-0.264079,-0.024138,-0.363426,0.424554,-0.348283,0.0,-0.03606,-0.069045,1.821863,0.353083,-0.530481,0.02886,-0.424279,-1.588926,-0.259364,-0.6422,0.287259
0.959772,-1.830356,0.469311,0.028651,0.037457,-0.745379,0.66497,-0.315838,0.174339,0.293126,0.491271,-0.247307,0.0,-0.261823,-0.015609,-0.365833,0.415467,-0.346093,0.0,-0.038356,-0.072411,1.818449,0.354614,-0.533217,0.026017,-0.424705,-1.584826,-0.259952,-0.641566,0.284727
0.957724,-1.829293,0.469437,0.028576,0.039166,-0.745024,0.665273,-0.319301,0.180388,0.290855,0.486704,-0.241757,0.0,-0.260826,-0.007456,-0.367535,0.407179,-0.343784,0.0,-0.039908,-0.074282,1.815819,0.356632,-0.536394,0.022024,-0.425018,-1.581895,-0.26091,-0.640833,0.281666
0.955713,-1.828108,0.469495,0.028837,0.041001,-0.744647,0.665573,-0.32402,0.186273,0.288568,0.482762,-0.23643,0.0,-0.261333,0.000167,-0.369159,0.399954,-0.341583,0.0,-0.041412,-0.074271,1.813812,0.359362,-0.54012,0.01826,-0.42574,-1.579353,-0.261777,-0.640485,0.279012
0.953749,-1.826863,0.469543,0.029346,0.042963,-0.744284,0.665834,-0.329754,0.192111,0.286353,0.479525,-0.231447,0.0,-0.263007,0.007442,-0.370644,0.393482,-0.339424,0.0,-0.04296,-0.075494,1.811113,0.361868,-0.543927,0.012708,-0.426869,-1.576714,-0.262448,-0.640856,0.277732
0.951851,-1.825584,0.469545,0.03001,0.045041,-0.743782,0.666227,-0.33678,0.197973,0.283826,0.477631,-0.227034,0.0,-0.265686,0.014346,-0.37226,0.387935,-0.337408,0.0,-0.044968,-0.077284,1.808387,0.364519,-0.547713,0.008272,-0.427667,-1.574132,-0.26362,-0.642188,0.276557
0.950015,-1.824301,0.469467,0.030756,0.0472,-0.742834,0.667101,-0.345392,0.203846,0.280489,0.477404,-0.223345,0.0,-0.269229,0.020679,-0.374828,0.383601,-0.335764,0.0,-0.048116,-0.078962,1.806168,0.367168,-0.551193,0.005594,-0.427852,-1.572071,-0.265435,-0.643706,0.276662
0.948277,-1.823049,0.469293,0.031598,0.0493,-0.741696,0.668175,-0.355104,0.209486,0.27662,0.478905,-0.220852,0.0,-0.273499,0.026222,-0.377885,0.380681,-0.334637,0.0,-0.051348,-0.07971,1.804593,0.369197,-0.553696,0.004356,-0.427615,-1.570656,-0.267593,-0.645254,0.277245
0.946685,-1.821855,0.469033,0.032513,0.051272,-0.740615,0.669182,-0.36575,0.214892,0.272703,0.482678,-0.219378,0.0,-0.278272,0.030964,-0.380863,0.379053,-0.334028,0.0,-0.054274,-0.07906,1.803977,0.370526,-0.555849,0.004564,-0.427238,-1.569861,-0.269654,-0.646992,0.278142
0.945187,-1.820723,0.468775,0.03337,0.053196,-0.739813,0.669875,-0.376621,0.220395,0.269106,0.488084,-0.218091,0.0,-0.283321,0.035471,-0.383137,0.378394,-0.33381,0.0,-0.056314,-0.078401,1.803366,0.370968,-0.557414,0.003793,-0.427333,-1.568672,-0.271125,-0.649238,0.279753
0.943728,-1.819663,0.468574,0.034222,0.055023,-0.739033,0.670545,-0.386997,0.225611,0.265837,0.493246,-0.216306,0.0,-0.288425,0.039591,-0.385264,0.378392,-0.33394,0.0,-0.058334,-0.077383,1.802607,0.370952,-0.558187,0.003561,-0.428253,-1.566856,-0.271859,-0.651796,0.282851
0.94238,-1.818723,0.468449,0.035044,0.056638,-0.738494,0.670963,-0.395407,0.230101,0.263479,0.496314,-0.214155,0.0,-0.293111,0.043188,-0.386988,0.378479,-0.334107,0.0,-0.059858,-0.076514,1.801703,0.370803,-0.558527,0.003691,-0.42846,-1.564786,-0.272285,-0.653729,0.28583
0.941116,-1.817966,0.468384,0.035703,0.057954,-0.738311,0.671017,-0.400947,0.233865,0.262047,0.496795,-0.211527,0.0,-0.296902,0.046532,-0.387852,0.378505,-0.334277,0.0,-0.060556,-0.07609,1.801157,0.370636,-0.55855,0.002827,-0.427175,-1.562592,-0.272486,-0.655844,0.28712
0.939962,-1.81737,0.468374,0.036266,0.058882,-0.738586,0.670603,-0.403331,0.236661,0.261818,0.494312,-0.208279,0.0,-0.299754,0.049487,-0.387565,0.378312,-0.334338,0.0,-0.059956,-0.076313,1.800424,0.37099,-0.558573,0.00161,-0.425845,-1.561191,-0.273095,-0.657532,0.286255
0.938944,-1.816891,0.46841,0.03675,0.059501,-0.739045,0.670016,-0.403465,0.238547,0.262331,0.489702,-0.204535,0.0,-0.30189,0.052006,-0.386609,0.377936,-0.334244,0.0,-0.05866,-0.076777,1.799219,0.371556,-0.559181,0.001284,-0.425042,-1.560403,-0.273455,-0.658974,0.285674
0.938082,-1.816529,0.46847,0.03713,0.059999,-0.739429,0.669527,-0.402448,0.239795,0.262926,0.484039,-0.200608,0.0,-0.303533,0.054186,-0.385639,0.37754,-0.334133,0.0,-0.057575,-0.077409,1.798111,0.372019,-0.560064,0.001844,-0.424739,-1.559838,-0.273329,-0.660585,0.285945
0.93733,-1.816225,0.468524,0.037507,0.060246,-0.739554,0.669346,-0.401243,0.240381,0.26356,0.47835,-0.196556,0.0,-0.304706,0.055597,-0.385349,0.377259,-0.334149,0.0,-0.057497,-0.078281,1.796937,0.37253,-0.560661,0.002568,-0.4247,-1.559702,-0.273511,-0.662937,0.286487
0.936708,-1.815988,0.468561,0.037904,0.060302,-0.739502,0.669376,-0.400078,0.24042,0.264118,0.473116,-0.19272,0.0,-0.305495,0.056322,-0.385563,0.377064,-0.334306,0.0,-0.058076,-0.078744,1.7963,0.372983,-0.560808,0.002492,-0.424702,-1.55975,-0.274174,-0.665521,0.287234
0.936227,-1.815822,0.468591,0.038319,0.060244,-0.739345,0.669531,-0.399149,0.240087,0.264605,0.468726,-0.189393,0.0,-0.306091,0.056482,-0.386112,0.377081,-0.334628,0.0,-0.0589,-0.078919,1.795672,0.373364,-0.56126,0.001026,-0.425683,-1.559391,-0.275171,-0.667539,0.287232
0.935872,-1.815714,0.468607,0.038683,0.060088,-0.739093,0.669802,-0.398556,0.239519,0.264826,0.465564,-0.186801,0.0,-0.306603,0.056197,-0.386822,0.377501,-0.335118,0.0,-0.059913,-0.078802,1.794836,0.3739,-0.562198,-0.000762,-0.426939,-1.558916,-0.275927,-0.669065,0.286547
0.935625,-1.815658,0.468604,0.039011,0.059852,-0.738716,0.670219,-0.39825,0.238695,0.264673,0.463418,-0.184917,0.0,-0.307092,0.055512,-0.387654,0.378296,-0.335762,0.0,-0.061226,-0.078206,1.793967,0.374575,-0.563508,-0.002642,-0.427576,-1.558931,-0.276311,-0.670315,0.286653
0.935477,-1.81566,0.468594,0.039272,0.059521,-0.738374,0.670611,-0.397894,0.237717,0.264509,0.462038,-0.183667,0.0,-0.307519,0.054482,-0.388414,0.379569,-0.336526,0.0,-0.062495,-0.077147,1.792972,0.375523,-0.565022,-0.003249,-0.427715,-1.559175,-0.276502,-0.670919,0.286987
0.935455,-1.815729,0.468582,0.039487,0.058998,-0.73818,0.670858,-0.39713,0.236417,0.264698,0.461207,-0.183009,0.0,-0.307883,0.052885,-0.388871,0.381495,-0.3375,0.0,-0.063276,-0.076135,1.791897,0.376321,-0.566276,-0.002472,-0.427285,-1.559598,-0.276034,-0.671291,0.288611
0.93554,-1.815856,0.468553,0.039643,0.058368,-0.73815,0.670937,-0.396037,0.235014,0.26527,0.460875,-0.182895,0.0,-0.308243,0.050953,-0.388897,0.383976,-0.338689,0.0,-0.063654,-0.074676,1.791381,0.376134,-0.566384,-0.001865,-0.426562,-1.560422,-0.275784,-0.671458,0.289133
0.935697,-1.816029,0.468488,0.039817,0.057594,-0.738229,0.670906,-0.394743,0.233358,0.266115,0.461041,-0.183275,0.0,-0.308794,0.048637,-0.388554,0.387221,-0.340154,0.0,-0.063821,-0.072761,1.791524,0.375393,-0.565008,0.000284,-0.425935,-1.561659,-0.275608,-0.671715,0.289234
0.935923,-1.816225,0.468426,0.040014,0.056779,-0.73834,0.670842,-0.393337,0.231491,0.267015,0.461339,-0.183945,0.0,-0.309435,0.046086,-0.388063,0.390727,-0.341731,0.0,-0.063923,-0.071065,1.792043,0.374196,-0.562601,0.003809,-0.425549,-1.56299,-0.275566,-0.67172,0.288907
0.9362,-1.816436,0.468379,0.040204,0.055962,-0.73843,0.670801,-0.391837,0.229491,0.267864,0.461598,-0.184746,0.0,-0.309964,0.043479,-0.387571,0.394036,-0.343214,0.0,-0.064252,-0.069654,1.793068,0.372506,-0.5592,0.007556,-0.425684,-1.564362,-0.275379,-0.67135,0.288955
0.936518,-1.816685,0.468348,0.040312,0.055092,-0.738447,0.670847,-0.390036,0.227375,0.268541,0.461703,-0.185591,0.0,-0.309921,0.040921,-0.387189,0.396745,-0.344489,0.0,-0.064812,-0.068413,1.794734,0.370581,-0.555686,0.010911,-0.425979,-1.565633,-0.274973,-0.670737,0.288854
0.93686,-1.816958,0.468333,0.040295,0.054255,-0.738327,0.671048,-0.388105,0.225323,0.268875,0.46168,-0.186426,0.0,-0.30933,0.038601,-0.387112,0.39876,-0.345499,0.0,-0.065632,-0.0677,1.796401,0.36891,-0.553479,0.013724,-0.426107,-1.567162,-0.274597,-0.669509,0.288714
0.937239,-1.817244,0.468318,0.040225,0.053492,-0.738191,0.671263,-0.386331,0.22338,0.26904,0.462033,-0.187497,0.0,-0.308518,0.036482,-0.387072,0.400293,-0.346244,0.0,-0.066273,-0.06829,1.797892,0.368124,-0.55249,0.015685,-0.426009,-1.568855,-0.274321,-0.667931,0.2879
0.937657,-1.817539,0.468286,0.04013,0.052726,-0.738042,0.671494,-0.384729,0.221434,0.269097,0.462824,-0.18882,0.0,-0.307695,0.034293,-0.387084,0.401897,-0.346942,0.0,-0.066836,-0.069281,1.799229,0.368112,-0.552876,0.015466,-0.426384,-1.570843,-0.27395,-0.665984,0.287115
0.938086,-1.817839,0.468226,0.040048,0.051949,-0.737944,0.671666,-0.383405,0.219607,0.269299,0.464215,-0.19042,0.0,-0.306912,0.032018,-0.387109,0.4037,-0.34775,0.0,-0.067038,-0.070141,1.800439,0.368551,-0.553422,0.013634,-0.427077,-1.573202,-0.273416,-0.663952,0.286845
0.938529,-1.818166,0.46815,0.039964,0.051172,-0.737968,0.671705,-0.382155,0.21793,0.269771,0.466024,-0.192287,0.0,-0.306228,0.029734,-0.386904,0.405832,-0.348745,0.0,-0.066977,-0.071816,1.800907,0.368938,-0.554146,0.011611,-0.428022,-1.575917,-0.273441,-0.66206,0.286462
0.938975,-1.818511,0.468073,0.039818,0.050394,-0.738017,0.671718,-0.380849,0.216395,0.270296,0.468044,-0.194309,0.0,-0.305514,0.027498,-0.386602,0.408199,-0.349909,0.0,-0.06692,-0.073815,1.800961,0.369168,-0.554954,0.009678,-0.428787,-1.578258,-0.273568,-0.660549,0.286442
0.939411,-1.818888,0.468005,0.039571,0.049554,-0.737995,0.67182,-0.379331,0.214889,0.270676,0.470099,-0.196365,0.0,-0.304481,0.025258,-0.386464,0.410568,-0.351185,0.0,-0.067167,-0.074785,1.801288,0.369208,-0.55481,0.00888,-0.42936,-1.579724,-0.273317,-0.659393,0.286398
0.939841,-1.819306,0.467946,0.039214,0.048597,-0.737926,0.671986,-0.377414,0.213296,0.270942,0.472105,-0.198486,0.0,-0.303047,0.022941,-0.386456,0.412945,-0.352545,0.0,-0.067811,-0.074902,1.80141,0.369193,-0.554528,0.009681,-0.429648,-1.580587,-0.272889,-0.658901,0.285813
0.940289,-1.819749,0.467908,0.03885,0.047572,-0.737947,0.672058,-0.374991,0.211533,0.271424,0.473749,-0.200669,0.0,-0.301522,0.020534,-0.386225,0.415353,-0.35392,0.0,-0.068413,-0.074289,1.801341,0.369083,-0.554318,0.011308,-0.429477,-1.580768,-0.272368,-0.658857,0.28388
0.940745,-1.820191,0.467882,0.038489,0.046553,-0.738066,0.67202,-0.372232,0.209748,0.27215,0.474999,-0.202803,0.0,-0.300058,0.018173,-0.385746,0.417753,-0.355241,0.0,-0.068804,-0.073382,1.800934,0.368903,-0.554488,0.012056,-0.429101,-1.580702,-0.27167,-0.659352,0.283501
0.941191,-1.820608,0.467868,0.038136,0.045599,-0.738216,0.671941,-0.369497,0.20806,0.272925,0.476026,-0.204801,0.0,-0.298702,0.016022,-0.38524,0.420028,-0.356462,0.0,-0.06912,-0.072417,1.800256,0.368896,-0.555135,0.012191,-0.429549,-1.580156,-0.27146,-0.660046,0.284075
0.941624,-1.820997,0.467864,0.037794,0.044717,-0.738372,0.671848,-0.366874,0.206471,0.273672,0.476924,-0.206671,0.0,-0.297408,0.013984,-0.38468,0.422069,-0.357534,0.0,-0.069325,-0.071175,1.799643,0.368974,-0.556064,0.012633,-0.429831,-1.579576,-0.271388,-0.660367,0.284156
0.942027,-1.821367,0.467858,0.037459,0.043918,-0.738527,0.671748,-0.364412,0.205053,0.274382,0.477743,-0.208415,0.0,-0.296144,0.012174,-0.384127,0.423813,-0.358442,0.0,-0.069405,-0.069989,1.799467,0.369108,-0.557214,0.012671,-0.429541,-1.579373,-0.271166,-0.660016,0.283527
0.942392,-1.821713,0.467852,0.037161,0.043239,-0.738693,0.671626,-0.362216,0.203839,0.275082,0.478459,-0.209987,0.0,-0.294919,0.010688,-0.383627,0.425114,-0.359142,0.0,-0.069503,-0.069107,1.799791,0.369557,-0.558371,0.012923,-0.429083,-1.57941,-0.270811,-0.659187,0.282757
0.942723,-1.822022,0.467844,0.036962,0.042687,-0.738859,0.67149,-0.360397,0.202739,0.275753,0.479049,-0.211374,0.0,-0.293873,0.009413,-0.383154,0.426011,-0.359635,0.0,-0.069623,-0.068311,1.800668,0.370172,-0.558715,0.013376,-0.428638,-1.579614,-0.270472,-0.658143,0.282084
0.943022,-1.822292,0.467842,0.036851,0.042288,-0.739033,0.67133,-0.358939,0.201801,0.27641,0.479457,-0.212558,0.0,-0.293069,0.008381,-0.38269,0.426571,-0.359927,0.0,-0.069663,-0.068605,1.801573,0.371032,-0.559498,0.01273,-0.428348,-1.579793,-0.270385,-0.657158,0.280957
0.943292,-1.822519,0.467857,0.036849,0.04205,-0.739213,0.671147,-0.357947,0.20103,0.277078,0.479781,-0.213558,0.0,-0.292598,0.007552,-0.382252,0.426862,-0.360032,0.0,-0.06956,-0.069962,1.801759,0.372013,-0.560873,0.011242,-0.428364,-1.579808,-0.270543,-0.656427,0.279351
0.943549,-1.822702,0.467886,0.036923,0.041954,-0.739412,0.67093,-0.357353,0.200422,0.277761,0.480055,-0.214398,0.0,-0.29245,0.006895,-0.381817,0.426969,-0.359955,0.0,-0.069441,-0.071425,1.801459,0.372945,-0.562759,0.008761,-0.428962,-1.579622,-0.270569,-0.655746,0.278757
0.943799,-1.822841,0.467904,0.037116,0.04198,-0.739644,0.670662,-0.357195,0.199906,0.278517,0.480391,-0.215166,0.0,-0.292709,0.006284,-0.381332,0.427113,-0.359811,0.0,-0.069147,-0.072781,1.801355,0.373921,-0.564187,0.005335,-0.430378,-1.579172,-0.27057,-0.655248,0.279307
0.944032,-1.822973,0.467911,0.037306,0.042061,-0.739879,0.670386,-0.357277,0.199554,0.279243,0.480954,-0.21598,0.0,-0.293159,0.005764,-0.380842,0.427341,-0.359687,0.0,-0.068837,-0.072964,1.801145,0.374924,-0.564666,0.0042,-0.430769,-1.578786,-0.27039,-0.654997,0.279752
0.94424,-1.823116,0.467911,0.037403,0.042122,-0.740068,0.670168,-0.357373,0.199374,0.279813,0.481867,-0.216907,0.0,-0.293424,0.005339,-0.380455,0.427707,-0.359672,0.0,-0.068682,-0.072352,1.800836,0.375437,-0.564559,0.005751,-0.430742,-1.578159,-0.270196,-0.654887,0.279471
0.944408,-1.823268,0.467914,0.03743,0.042163,-0.740229,0.669987,-0.357487,0.199335,0.280248,0.483047,-0.217967,0.0,-0.293576,0.005031,-0.380075,0.428221,-0.359812,0.0,-0.068656,-0.071925,1.799963,0.375082,-0.564376,0.007615,-0.430874,-1.577306,-0.269785,-0.654687,0.279238
0.94454,-1.823424,0.467907,0.03741,0.042192,-0.740342,0.669862,-0.35768,0.199422,0.280517,0.484532,-0.219169,0.0,-0.293686,0.004811,-0.379716,0.42894,-0.360142,0.0,-0.0688,-0.071273,1.798717,0.373771,-0.563952,0.007049,-0.431462,-1.576437,-0.269285,-0.654556,0.279355
0.944639,-1.823593,0.467877,0.037331,0.042205,-0.740346,0.66986,-0.358031,0.199619,0.28051,0.486392,-0.220505,0.0,-0.293697,0.004614,-0.37959,0.429926,-0.360737,0.0,-0.069175,-0.070409,1.797398,0.372623,-0.563527,0.006171,-0.432059,-1.575598,-0.268862,-0.654774,0.279486
0.944708,-1.823781,0.467826,0.037195,0.042212,-0.740236,0.669989,-0.358494,0.199901,0.280194,0.488479,-0.22191,0.0,-0.293539,0.004449,-0.379769,0.431032,-0.361555,0.0,-0.069665,-0.069485,1.796043,0.371886,-0.56334,0.005567,-0.431732,-1.575246,-0.268937,-0.654503,0.280327
0.944746,-1.823976,0.46777,0.036988,0.042259,-0.74005,0.670203,-0.359001,0.200342,0.279635,0.490572,-0.223284,0.0,-0.293193,0.004451,-0.380196,0.432045,-0.362472,0.0,-0.070241,-0.068523,1.794755,0.371612,-0.563356,0.005635,-0.431468,-1.575049,-0.26915,-0.653773,0.281231
0.944754,-1.824169,0.467715,0.036751,0.04233,-0.739859,0.670422,-0.359429,0.200888,0.279014,0.492477,-0.22454,0.0,-0.29267,0.004615,-0.380712,0.432828,-0.363374,0.0,-0.070777,-0.067542,1.793785,0.371473,-0.563284,0.006332,-0.432111,-1.574816,-0.269159,-0.652652,0.282139
0.944723,-1.824362,0.467668,0.036483,0.042453,-0.739722,0.67058,-0.359646,0.201591,0.278487,0.493947,-0.225581,0.0,-0.291998,0.005051,-0.381164,0.433306,-0.364197,0.0,-0.071244,-0.066946,1.793084,0.371312,-0.562994,0.006571,-0.433106,-1.574567,-0.26907,-0.651089,0.282322
0.94466,-1.824549,0.467624,0.036226,0.042637,-0.739644,0.670669,-0.359679,0.202386,0.278089,0.494891,-0.226358,0.0,-0.291308,0.005714,-0.381515,0.433528,-0.364917,0.0,-0.071598,-0.067123,1.792609,0.371387,-0.562393,0.007187,-0.433984,-1.574423,-0.269025,-0.649076,0.281815
0.94458,-1.824719,0.467584,0.036013,0.04289,-0.739624,0.670686,-0.359682,0.203224,0.277784,0.495507,-0.226954,0.0,-0.290742,0.006531,-0.381729,0.433603,-0.365545,0.0,-0.071691,-0.067575,1.792293,0.371182,-0.561241,0.007925,-0.434552,-1.574409,-0.268904,-0.646793,0.28034
0.94449,-1.824877,0.467539,0.035837,0.043176,-0.739651,0.670647,-0.359659,0.204065,0.277575,0.495902,-0.227422,0.0,-0.290271,0.007403,-0.381819,0.433593,-0.366094,0.0,-0.071648,-0.067879,1.792233,0.370402,-0.559409,0.007472,-0.434803,-1.574783,-0.268785,-0.644503,0.278805
0.9444,-1.825028,0.467506,0.035702,0.043463,-0.739692,0.67059,-0.359613,0.20485,0.277421,0.496164,-0.227806,0.0,-0.289834,0.008258,-0.381862,0.433479,-0.366556,0.0,-0.071576,-0.067889,1.792056,0.369499,-0.557507,0.007524,-0.434986,-1.575089,-0.268168,-0.64239,0.27905
0.944309,-1.825165,0.467495,0.035553,0.04375,-0.739726,0.670543,-0.359564,0.20567,0.277227,0.49638,-0.228131,0.0,-0.289399,0.009146,-0.381928,0.433303,-0.366942,0.0,-0.071506,-0.067591,1.791718,0.368485,-0.555641,0.008216,-0.435345,-1.574581,-0.267131,-0.64053,0.279311
0.944215,-1.825294,0.467478,0.035403,0.043981,-0.739739,0.670521,-0.359565,0.206407,0.277033,0.496804,-0.228466,0.0,-0.289014,0.009914,-0.382033,0.433303,-0.367372,0.0,-0.071532,-0.066831,1.791018,0.367295,-0.553761,0.009252,-0.435655,-1.573841,-0.26611,-0.638839,0.278769
0.944115,-1.825436,0.467451,0.035259,0.044168,-0.739734,0.670522,-0.359632,0.207102,0.276806,0.497377,-0.228867,0.0,-0.288648,0.010569,-0.382147,0.433498,-0.367893,0.0,-0.071644,-0.066048,1.79007,0.366187,-0.552244,0.009901,-0.435673,-1.573119,-0.265143,-0.637391,0.278041
0.944011,-1.825589,0.467408,0.035117,0.044323,-0.739679,0.67058,-0.359789,0.207741,0.276483,0.498081,-0.229338,0.0,-0.288324,0.01113,-0.382312,0.433897,-0.368528,0.0,-0.071918,-0.065465,1.788892,0.365427,-0.551356,0.010006,-0.435026,-1.572729,-0.26455,-0.636247,0.278032
0.943904,-1.825746,0.467364,0.034974,0.044467,-0.739563,0.670706,-0.360029,0.208335,0.27601,0.498861,-0.229851,0.0,-0.288035,0.011633,-0.382577,0.434439,-0.369263,0.0,-0.072371,-0.065135,1.7876,0.36515,-0.55112,0.009758,-0.434236,-1.572242,-0.264378,-0.635257,0.277662
0.943795,-1.8259,0.467325,0.03484,0.044626,-0.739405,0.670876,-0.360316,0.208908,0.275424,0.499624,-0.230356,0.0,-0.287762,0.012133,-0.382933,0.434966,-0.370026,0.0,-0.07295,-0.065172,1.78634,0.365408,-0.551667,0.009492,-0.433756,-1.571632,-0.264329,-0.634475,0.276804
0.943688,-1.82604,0.467298,0.03473,0.044805,-0.739242,0.67105,-0.360615,0.20946,0.274808,0.500297,-0.230806,0.0,-0.287495,0.01265,-0.383322,0.435334,-0.370722,0.0,-0.073525,-0.065763,1.785126,0.365875,-0.552885,0.008782,-0.433959,-1.571094,-0.26415,-0.633765,0.276617
0.94359,-1.826151,0.467293,0.034679,0.045026,-0.739096,0.671198,-0.361041,0.209978,0.274237,0.500841,-0.231154,0.0,-0.287321,0.013189,-0.383716,0.435455,-0.371255,0.0,-0.074026,-0.066775,1.78391,0.366048,-0.554418,0.006884,-0.434707,-1.57069,-0.263809,-0.632993,0.277098
0.943511,-1.826235,0.467289,0.034703,0.045282,-0.73898,0.671307,-0.361567,0.210423,0.273775,0.501236,-0.231407,0.0,-0.287298,0.013683,-0.384067,0.435357,-0.371614,0.0,-0.074349,-0.066873,1.783645,0.366282,-0.555209,0.005535,-0.435306,-1.570553,-0.263423,-0.632253,0.277654
0.943447,-1.826307,0.467283,0.034791,0.045545,-0.738884,0.671391,-0.362145,0.210777,0.273422,0.501509,-0.231581,0.0,-0.287392,0.014086,-0.384409,0.435165,-0.371839,0.0,-0.074596,-0.066688,1.783854,0.366607,-0.555173,0.004796,-0.435679,-1.570695,-0.263065,-0.631575,0.277993
0.943395,-1.826376,0.467272,0.034946,0.045791,-0.738854,0.6714,-0.362666,0.211005,0.273247,0.501648,-0.231718,0.0,-0.287624,0.014363,-0.384582,0.435003,-0.371978,0.0,-0.074645,-0.066816,1.784314,0.367081,-0.554785,0.004748,-0.435948,-1.571049,-0.26287,-0.631131,0.277822
0.943357,-1.826442,0.467267,0.035132,0.046014,-0.738854,0.671374,-0.363214,0.21119,0.273237,0.501837,-0.231859,0.0,-0.28799,0.014518,-0.38469,0.434945,-0.372106,0.0,-0.074563,-0.066988,1.784527,0.366932,-0.554136,0.00483,-0.436094,-1.571404,-0.262765,-0.630874,0.27736
0.943338,-1.826501,0.467256,0.035345,0.046202,-0.738898,0.671301,-0.363816,0.211308,0.273395,0.502192,-0.232064,0.0,-0.288533,0.01452,-0.384673,0.435132,-0.372262,0.0,-0.074548,-0.067496,1.784494,0.366411,-0.553826,0.004786,-0.436128,-1.571867,-0.262714,-0.630835,0.277378
0.943346,-1.826551,0.467233,0.035626,0.046359,-0.739021,0.67114,-0.364496,0.211349,0.27376,0.502727,-0.232388,0.0,-0.289407,0.014313,-0.384392,0.435691,-0.372483,0.0,-0.074568,-0.067667,1.784549,0.365854,-0.55401,0.005437,-0.436079,-1.57227,-0.262736,-0.631169,0.277244
0.943374,-1.826602,0.467201,0.035914,0.046471,-0.739205,0.670914,-0.365112,0.211319,0.274269,0.503401,-0.232838,0.0,-0.290398,0.013976,-0.383903,0.436531,-0.372784,0.0,-0.074508,-0.066532,1.784722,0.365568,-0.553962,0.006675,-0.435894,-1.57269,-0.262694,-0.631643,0.276621
0.943403,-1.82668,0.467171,0.036152,0.046557,-0.73936,0.670726,-0.365609,0.211263,0.274694,0.50411,-0.23337,0.0,-0.291259,0.013627,-0.383434,0.437448,-0.373166,0.0,-0.0744,-0.06543,1.784542,0.365749,-0.554192,0.007145,-0.435599,-1.573178,-0.262605,-0.63217,0.275976
0.943422,-1.826791,0.46715,0.036317,0.046606,-0.739373,0.670698,-0.366024,0.211163,0.274777,0.504851,-0.233941,0.0,-0.291873,0.013286,-0.383222,0.43837,-0.37363,0.0,-0.074584,-0.065443,1.783621,0.366486,-0.555318,0.006323,-0.435529,-1.573669,-0.262332,-0.632861,0.276509
0.943435,-1.826922,0.467127,0.036461,0.046628,-0.739232,0.670845,-0.366549,0.210974,0.274527,0.50574,-0.234553,0.0,-0.292366,0.01282,-0.383331,0.439382,-0.374217,0.0,-0.075192,-0.065449,1.782364,0.367221,-0.55698,0.005576,-0.43564,-1.574292,-0.262103,-0.633856,0.278122
0.943442,-1.827059,0.467091,0.036624,0.046624,-0.73907,0.671014,-0.367232,0.210784,0.274273,0.506867,-0.235229,0.0,-0.292929,0.012225,-0.383645,0.440654,-0.374945,0.0,-0.075861,-0.064567,1.781307,0.367349,-0.557642,0.005467,-0.435564,-1.575241,-0.262427,-0.635271,0.278841
0.943442,-1.827203,0.467035,0.036777,0.046594,-0.73894,0.671151,-0.367879,0.210622,0.274083,0.508102,-0.235974,0.0,-0.293518,0.011575,-0.383936,0.442143,-0.375787,0.0,-0.076473,-0.063756,1.780836,0.367149,-0.557541,0.005034,-0.43539,-1.576484,-0.263271,-0.636664,0.278061
0.943434,-1.827359,0.466958,0.03693,0.046528,-0.738887,0.671206,-0.36835,0.210465,0.274056,0.509308,-0.236774,0.0,-0.29412,0.010894,-0.384068,0.443797,-0.376722,0.0,-0.076839,-0.063215,1.781092,0.367023,-0.556983,0.004446,-0.435017,-1.577989,-0.264082,-0.637744,0.277345
0.943418,-1.827531,0.466879,0.03706,0.046446,-0.738912,0.671177,-0.368555,0.210337,0.274204,0.51036,-0.237599,0.0,-0.294689,0.010261,-0.384018,0.445549,-0.377723,0.0,-0.076856,-0.062516,1.78179,0.367148,-0.556548,0.004795,-0.434028,-1.579396,-0.264162,-0.637996,0.278127
0.943389,-1.827729,0.466814,0.037126,0.046311,-0.738988,0.671099,-0.368393,0.210264,0.274521,0.511267,-0.238323,0.0,-0.295045,0.009676,-0.383858,0.447319,-0.378767,0.0,-0.076752,-0.062173,1.782343,0.367395,-0.556085,0.006086,-0.433375,-1.580305,-0.264134,-0.63789,0.278798
0.943357,-1.827957,0.466749,0.037122,0.046136,-0.739094,0.670994,-0.367998,0.210237,0.27489,0.512162,-0.23905,0.0,-0.295179,0.009167,-0.383646,0.44905,-0.379849,0.0,-0.076527,-0.062293,1.782871,0.367854,-0.556077,0.008279,-0.433237,-1.58075,-0.264038,-0.637599,0.279052
0.943322,-1.828206,0.466669,0.037064,0.045967,-0.739205,0.670887,-0.367573,0.210304,0.275189,0.51326,-0.239881,0.0,-0.295157,0.008765,-0.383441,0.450753,-0.380969,0.0,-0.076261,-0.063293,1.783415,0.368222,-0.556686,0.008691,-0.432462,-1.581238,-0.264277,-0.637099,0.278175
0.943282,-1.828468,0.466595,0.036971,0.045782,-0.739288,0.670813,-0.367182,0.210446,0.275476,0.514585,-0.240813,0.0,-0.294987,0.008401,-0.383311,0.452404,-0.382111,0.0,-0.075993,-0.064888,1.783681,0.368393,-0.557448,0.006839,-0.432488,-1.581379,-0.264084,-0.636624,0.27813
0.943243,-1.828731,0.466522,0.036866,0.045599,-0.739409,0.670699,-0.366818,0.210644,0.275773,0.516092,-0.241835,0.0,-0.294748,0.008116,-0.383085,0.453987,-0.383237,0.0,-0.075481,-0.065357,1.78386,0.368562,-0.557703,0.006251,-0.43271,-1.581464,-0.263725,-0.635931,0.278524
0.943212,-1.828996,0.466449,0.036764,0.045407,-0.739558,0.670552,-0.366445,0.210814,0.276081,0.517673,-0.242906,0.0,-0.294483,0.007848,-0.382737,0.455517,-0.384338,0.0,-0.074812,-0.064321,1.784218,0.368148,-0.557143,0.006435,-0.432886,-1.581572,-0.263174,-0.635171,0.279389
0.943191,-1.829263,0.466379,0.036672,0.045234,-0.73961,0.670511,-0.36625,0.210968,0.276276,0.519373,-0.243995,0.0,-0.294237,0.007519,-0.382595,0.457035,-0.385435,0.0,-0.074356,-0.063205,1.784459,0.367562,-0.55629,0.006875,-0.432855,-1.581605,-0.262543,-0.634381,0.279685
0.943185,-1.829529,0.466308,0.036625,0.045091,-0.739582,0.670555,-0.36625,0.211031,0.276311,0.521109,-0.245071,0.0,-0.294066,0.007104,-0.382626,0.458524,-0.386516,0.0,-0.074007,-0.062277,1.784533,0.367059,-0.555734,0.007141,-0.432493,-1.58183,-0.262056,-0.633544,0.278622
0.943189,-1.829794,0.466242,0.03665,0.04493,-0.739494,0.670661,-0.366338,0.210892,0.276228,0.522757,-0.246107,0.0,-0.293966,0.006539,-0.382755,0.459968,-0.387564,0.0,-0.073786,-0.061334,1.784138,0.366592,-0.555583,0.00761,-0.431644,-1.582462,-0.261683,-0.633182,0.277544
0.943201,-1.830059,0.466188,0.03672,0.044748,-0.739334,0.670846,-0.366459,0.210585,0.276013,0.524244,-0.247065,0.0,-0.293854,0.005833,-0.382924,0.461303,-0.388554,0.0,-0.073714,-0.060508,1.783283,0.366233,-0.555742,0.008419,-0.430436,-1.583465,-0.261752,-0.633229,0.276519
